0,小林楓,Textures/Chara/Human_Female_00
1,静香,Textures/Chara/Human_Female_01
2,優姫,Textures/Chara/Human_Female_02
3,小林紅葉,Textures/Chara/Human_Female_03
4,アリス,Textures/Chara/Human_Female_04
5,花江,Textures/Chara/Human_Female_05
6,藤原光咲,Textures/Chara/Human_Female_06
7,美音＆梨音,Textures/Chara/Human_Female_07
8,木村恵理,Textures/Chara/Human_Female_08
9,田中結菜,Textures/Chara/Human_Female_09
10,田中結菜2,Textures/Chara/Human_Female_10
11,田中結菜3,Textures/Chara/Human_Female_11
12,中山莉子,Textures/Chara/Human_Female_12
13,楓＆紅葉,Textures/tuika/00104-3019306612
14,黒川美月,Textures/tuika/00034-3019306612
15,怒った美月,Textures/tuika/00036-3019306612
16,泣いてる美月,Textures/tuika/00037-3019306612
17,寝苦しい美月,Textures/tuika/00041-3019306612
18,シスター優姫,Textures/tuika/00046-3019306612
19,シスター優姫の娘,Textures/tuika/00047-3019306612
20,シスター親子,Textures/tuika/00050-3019306612
21,秋,Textures/tuika/00001-2671562100
22,田んぼ,Textures/tuika/00021-3019306612
23,海,Textures/tuika/00081-3019306612
24,家,Textures/tuika/00024-3019306612
25,evil grin,Textures/tuika/00139-3019306612
26,田舎,Textures/tuika/00052-3019306612
27,灯台,Textures/tuika/00012-3019306612
28,駅,Textures/tuika/00013-3019306612
29,友人,Textures/tuika/000471-3019306612
30,都会と山,Textures/tuika/00043-3019306612
31,雨,Textures/tuika/00044-3019306612
